FACTURA_SERVICIOS,TAMANO_FACTURA_SERVICIOS,EXTENSION_FACTURA_SERVICIOS,COMPROBANTE_DEPOSITO,TAMANO_COMPROBANTE_DEPOSITO,EXTENSION_COMPROBANTE_DEPOSITO,IDENTIFICACION,TAMANO_IDENTIFICACION,EXTENSION_IDENTIFICACION,FOTO_PERSONAL,TAMANO_FOTO_PERSONAL,EXTENSION_FOTO_PERSONAL,SOFT_DELETION
\FACTURA\FACTURA1,50,.PNG,\COMPROBANTE\COMPROBANTE1,50,.PNG,\IDENTIFICACION\IDENTIFICACION1,50,.PNG,\FOTO\FOTO1,50,.PNG,1
\FACTURA\FACTURA2,50,.PNG,\COMPROBANTE\COMPROBANTE2,50,.PNG,\IDENTIFICACION\IDENTIFICACION2,50,.PNG,\FOTO\FOTO2,50,.PNG,1
\FACTURA\FACTURA3,50,.PNG,\COMPROBANTE\COMPROBANTE3,50,.PNG,\IDENTIFICACION\IDENTIFICACION3,50,.PNG,\FOTO\FOTO3,50,.PNG,1
\FACTURA\FACTURA4,50,.PNG,\COMPROBANTE\COMPROBANTE4,50,.PNG,\IDENTIFICACION\IDENTIFICACION4,50,.PNG,\FOTO\FOTO4,50,.PNG,1
\FACTURA\FACTURA5,50,.PNG,\COMPROBANTE\COMPROBANTE5,50,.PNG,\IDENTIFICACION\IDENTIFICACION5,50,.PNG,\FOTO\FOTO5,50,.PNG,1
\FACTURA\FACTURA6,50,.PNG,\COMPROBANTE\COMPROBANTE6,50,.PNG,\IDENTIFICACION\IDENTIFICACION6,50,.PNG,\FOTO\FOTO6,50,.PNG,1
\FACTURA\FACTURA7,50,.PNG,\COMPROBANTE\COMPROBANTE7,50,.PNG,\IDENTIFICACION\IDENTIFICACION7,50,.PNG,\FOTO\FOTO7,50,.PNG,1
\FACTURA\FACTURA8,50,.PNG,\COMPROBANTE\COMPROBANTE8,50,.PNG,\IDENTIFICACION\IDENTIFICACION8,50,.PNG,\FOTO\FOTO8,50,.PNG,1
\FACTURA\FACTURA9,50,.PNG,\COMPROBANTE\COMPROBANTE9,50,.PNG,\IDENTIFICACION\IDENTIFICACION9,50,.PNG,\FOTO\FOTO9,50,.PNG,1
\FACTURA\FACTURA10,50,.PNG,\COMPROBANTE\COMPROBANTE10,50,.PNG,\IDENTIFICACION\IDENTIFICACION10,50,.PNG,\FOTO\FOTO10,50,.PNG,1
\FACTURA\FACTURA11,50,.PNG,\COMPROBANTE\COMPROBANTE11,50,.PNG,\IDENTIFICACION\IDENTIFICACION11,50,.PNG,\FOTO\FOTO11,50,.PNG,1
\FACTURA\FACTURA12,50,.PNG,\COMPROBANTE\COMPROBANTE12,50,.PNG,\IDENTIFICACION\IDENTIFICACION12,50,.PNG,\FOTO\FOTO12,50,.PNG,1
\FACTURA\FACTURA13,50,.PNG,\COMPROBANTE\COMPROBANTE13,50,.PNG,\IDENTIFICACION\IDENTIFICACION13,50,.PNG,\FOTO\FOTO13,50,.PNG,1
\FACTURA\FACTURA14,50,.PNG,\COMPROBANTE\COMPROBANTE14,50,.PNG,\IDENTIFICACION\IDENTIFICACION14,50,.PNG,\FOTO\FOTO14,50,.PNG,1
\FACTURA\FACTURA15,50,.PNG,\COMPROBANTE\COMPROBANTE15,50,.PNG,\IDENTIFICACION\IDENTIFICACION15,50,.PNG,\FOTO\FOTO15,50,.PNG,1
\FACTURA\FACTURA16,50,.PNG,\COMPROBANTE\COMPROBANTE16,50,.PNG,\IDENTIFICACION\IDENTIFICACION16,50,.PNG,\FOTO\FOTO16,50,.PNG,1
\FACTURA\FACTURA17,50,.PNG,\COMPROBANTE\COMPROBANTE17,50,.PNG,\IDENTIFICACION\IDENTIFICACION17,50,.PNG,\FOTO\FOTO17,50,.PNG,1
\FACTURA\FACTURA18,50,.PNG,\COMPROBANTE\COMPROBANTE18,50,.PNG,\IDENTIFICACION\IDENTIFICACION18,50,.PNG,\FOTO\FOTO18,50,.PNG,1
\FACTURA\FACTURA19,50,.PNG,\COMPROBANTE\COMPROBANTE19,50,.PNG,\IDENTIFICACION\IDENTIFICACION19,50,.PNG,\FOTO\FOTO19,50,.PNG,1
